<annotation>
	<folder>vehicle-counting in static images</folder>
	<filename>1_1.jpg</filename>
	<path>/vehicle-counting in static images/1_1.jpg</path>
	<source>
		<database>Unspecified</database>
	</source>
	<size>
		<width>800</width>
		<height>600</height>
		<depth>3</depth>
	</size>
	<object>
		<name>car</name>
		<pose>Unspecified</pose>
		<truncated>0</truncated>
		<difficult>0</difficult>
		<bndbox>
			<xmin>453</xmin>
			<ymin>58</ymin>
			<xmax>535</xmax>
			<ymax>177</ymax>
		</bndbox>
	</object>
	<object>
		<name>car</name>
		<pose>Unspecified</pose>
		<truncated>0</truncated>
		<difficult>0</difficult>
		<bndbox>
			<xmin>274</xmin>
			<ymin>356</ymin>
			<xmax>391</xmax>
			<ymax>470</ymax>
		</bndbox>
	</object>
</annotation>