<annotation>
	<folder>vehicle-counting in static images</folder>
	<filename>1_2.jpg</filename>
	<path>/vehicle-counting in static images/1_2.jpg</path>
	<source>
		<database>Unspecified</database>
	</source>
	<size>
		<width>800</width>
		<height>600</height>
		<depth>3</depth>
	</size>
	<object>
		<name>car</name>
		<pose>Unspecified</pose>
		<truncated>0</truncated>
		<difficult>0</difficult>
		<bndbox>
			<xmin>364</xmin>
			<ymin>199</ymin>
			<xmax>454</xmax>
			<ymax>333</ymax>
		</bndbox>
	</object>
</annotation>