<annotation>
	<folder>vehicle-counting in static images</folder>
	<filename>1_3.jpg</filename>
	<path>/vehicle-counting in static images/1_3.jpg</path>
	<source>
		<database>Unspecified</database>
	</source>
	<size>
		<width>800</width>
		<height>600</height>
		<depth>3</depth>
	</size>
	<object>
		<name>car</name>
		<pose>Unspecified</pose>
		<truncated>0</truncated>
		<difficult>0</difficult>
		<bndbox>
			<xmin>250</xmin>
			<ymin>380</ymin>
			<xmax>353</xmax>
			<ymax>540</ymax>
		</bndbox>
	</object>
	<object>
		<name>car</name>
		<pose>Unspecified</pose>
		<truncated>0</truncated>
		<difficult>0</difficult>
		<bndbox>
			<xmin>470</xmin>
			<ymin>16</ymin>
			<xmax>541</xmax>
			<ymax>120</ymax>
		</bndbox>
	</object>
</annotation>