<annotation>
	<folder>vehicle-counting in static images</folder>
	<filename>1_4.jpg</filename>
	<path>/vehicle-counting in static images/1_4.jpg</path>
	<source>
		<database>Unspecified</database>
	</source>
	<size>
		<width>800</width>
		<height>600</height>
		<depth>3</depth>
	</size>
	<object>
		<name>car</name>
		<pose>Unspecified</pose>
		<truncated>0</truncated>
		<difficult>0</difficult>
		<bndbox>
			<xmin>255</xmin>
			<ymin>328</ymin>
			<xmax>369</xmax>
			<ymax>442</ymax>
		</bndbox>
	</object>
</annotation>