<annotation>
	<folder>vehicle-counting in static images</folder>
	<filename>1_5.jpg</filename>
	<path>/vehicle-counting in static images/1_5.jpg</path>
	<source>
		<database>Unspecified</database>
	</source>
	<size>
		<width>800</width>
		<height>600</height>
		<depth>3</depth>
	</size>
	<object>
		<name>car</name>
		<pose>Unspecified</pose>
		<truncated>0</truncated>
		<difficult>0</difficult>
		<bndbox>
			<xmin>430</xmin>
			<ymin>65</ymin>
			<xmax>506</xmax>
			<ymax>177</ymax>
		</bndbox>
	</object>
	<object>
		<name>car</name>
		<pose>Unspecified</pose>
		<truncated>0</truncated>
		<difficult>0</difficult>
		<bndbox>
			<xmin>513</xmin>
			<ymin>91</ymin>
			<xmax>591</xmax>
			<ymax>217</ymax>
		</bndbox>
	</object>
</annotation>