<annotation>
	<folder>vehicle-counting in static images</folder>
	<filename>2_2.jpg</filename>
	<path>/vehicle-counting in static images/2_2.jpg</path>
	<source>
		<database>Unspecified</database>
	</source>
	<size>
		<width>800</width>
		<height>600</height>
		<depth>3</depth>
	</size>
	<object>
		<name>car</name>
		<pose>Unspecified</pose>
		<truncated>0</truncated>
		<difficult>0</difficult>
		<bndbox>
			<xmin>337</xmin>
			<ymin>390</ymin>
			<xmax>544</xmax>
			<ymax>530</ymax>
		</bndbox>
	</object>
</annotation>