<annotation>
	<folder>vehicle-counting in static images</folder>
	<filename>3_2.jpg</filename>
	<path>/vehicle-counting in static images/3_2.jpg</path>
	<source>
		<database>Unspecified</database>
	</source>
	<size>
		<width>800</width>
		<height>600</height>
		<depth>3</depth>
	</size>
	<object>
		<name>car</name>
		<pose>Unspecified</pose>
		<truncated>0</truncated>
		<difficult>0</difficult>
		<bndbox>
			<xmin>342</xmin>
			<ymin>220</ymin>
			<xmax>387</xmax>
			<ymax>253</ymax>
		</bndbox>
	</object>
	<object>
		<name>car</name>
		<pose>Unspecified</pose>
		<truncated>0</truncated>
		<difficult>0</difficult>
		<bndbox>
			<xmin>315</xmin>
			<ymin>261</ymin>
			<xmax>394</xmax>
			<ymax>335</ymax>
		</bndbox>
	</object>
</annotation>