<?xml version='1.0' encoding='utf-8'?>
<dataset><image filename="1_1.jpg"><object name="car" xmin="453" ymin="58" xmax="535" ymax="177" /><object name="car" xmin="274" ymin="356" xmax="391" ymax="470" /></image><image filename="1_2.jpg"><object name="car" xmin="364" ymin="199" xmax="454" ymax="333" /></image><image filename="1_3.jpg"><object name="car" xmin="250" ymin="380" xmax="353" ymax="540" /><object name="car" xmin="470" ymin="16" xmax="541" ymax="120" /></image><image filename="1_4.jpg"><object name="car" xmin="255" ymin="328" xmax="369" ymax="442" /></image><image filename="1_5.jpg"><object name="car" xmin="430" ymin="65" xmax="506" ymax="177" /><object name="car" xmin="513" ymin="91" xmax="591" ymax="217" /></image><image filename="2_1.jpg"><object name="car" xmin="219" ymin="138" xmax="392" ymax="340" /></image><image filename="2_2.jpg"><object name="car" xmin="337" ymin="390" xmax="544" ymax="530" /></image><image filename="2_3.jpg"><object name="car" xmin="430" ymin="237" xmax="647" ymax="428" /></image><image filename="2_5.jpg"><object name="car" xmin="140" ymin="102" xmax="308" ymax="282" /></image><image filename="3_1.jpg"><object name="car" xmin="316" ymin="285" xmax="407" ymax="355" /><object name="car" xmin="538" ymin="353" xmax="714" ymax="469" /><object name="car" xmin="270" ymin="205" xmax="305" ymax="240" /></image><image filename="3_2.jpg"><object name="car" xmin="342" ymin="220" xmax="387" ymax="253" /><object name="car" xmin="315" ymin="261" xmax="394" ymax="335" /></image><image filename="3_3.jpg"><object name="car" xmin="277" ymin="190" xmax="310" ymax="222" /><object name="car" xmin="332" ymin="218" xmax="371" ymax="252" /><object name="car" xmin="294" ymin="244" xmax="340" ymax="287" /><object name="car" xmin="359" ymin="242" xmax="418" ymax="283" /><object name="car" xmin="534" ymin="302" xmax="687" ymax="365" /></image><image filename="3_4.jpg"><object name="car" xmin="135" ymin="359" xmax="287" ymax="427" /><object name="car" xmin="276" ymin="197" xmax="301" ymax="217" /><object name="car" xmin="274" ymin="213" xmax="314" ymax="254" /><object name="car" xmin="333" ymin="221" xmax="374" ymax="256" /><object name="car" xmin="359" ymin="243" xmax="417" ymax="284" /><object name="car" xmin="294" ymin="245" xmax="342" ymax="287" /></image><image filename="3_5.jpg"><object name="car" xmin="535" ymin="220" xmax="602" ymax="265" /><object name="car" xmin="586" ymin="243" xmax="673" ymax="304" /><object name="car" xmin="363" ymin="202" xmax="398" ymax="229" /></image></dataset>